QDMA Data Transfer - 1 (for all modes),,,
H2C ST,C2H ST,H2C MM,C2H MM
Check Global Error Registers,Check Global Error Registers,Check Global Error Registers,Check Global Error Registers
:ref:`H2C ST Engine Error`,:ref:`C2H ST Engine Error`,:ref:`H2C MM Engine Error`,:ref:`C2H MM Engine Error`
:ref:`Review H2C ST Driver Flow`,:ref:`Review C2H Exception Handling`,:ref:`Reiview H2C MM Driver Flow`,:ref:`Review C2H MM Driver Flow`
:ref:`axi4-stream_h2c_port_descriptions`,:ref:`Review C2H ST Driver Flow`,:ref:`axi4_memory_mapped_dma_read_interface_signals`,:ref:`axi4_memory_mapped_dma_write_interface_signals`
:ref:`H2C ST Review C2H/H2C Queue Flow`,:ref:`axi4-stream_c2h_port_descriptions`,:ref:`H2C MM Review C2H/H2C Queue Flow`,:ref:`C2H MM Review C2H/H2C Queue Flow`
:ref:`qdma_descriptor_credit_input_port_descriptions`,:ref:`axi4-stream_c2h_completion_port_descriptions`,:ref:`qdma_descriptor_credit_input_port_descriptions`,:ref:`qdma_descriptor_credit_input_port_descriptions`
:ref:`qdma_tm_credit_output_port_descriptions`,:ref:`Review Completion Queue Flow`,:ref:`qdma_tm_credit_output_port_descriptions`,:ref:`qdma_tm_credit_output_port_descriptions`
:ref:`queue_status_ports`,:ref:`C2H ST Review C2H/H2C Queue Flow`,:ref:`queue_status_ports`,:ref:`queue_status_ports`
:ref:`queue_status_data`,Check AXI4 Stream Status Ports,:ref:`queue_status_data`,:ref:`queue_status_data`
,:ref:`qdma_descriptor_credit_input_port_descriptions`,,
,:ref:`qdma_tm_credit_output_port_descriptions`,,
,:ref:`queue_status_ports`,,
,:ref:`queue_status_data`,,
