QDMA Data Transfer- 2 (C2H Stream Only),,
C2H Stream - Internal Mode (Always Cache Mode),Cache Bypass Mode (Only for C2H Stream),Simple Bypass Mode (Only for C2H Stream)
:ref:`Check Prefetch Context if Prefetch Enabled`,:ref:`See Prefetch Mode in Cache Mode`,:ref:`Check C2H Simple Bypass Mode Flow`
:ref:`See Prefetch Mode in Internal Mode`,:ref:`Check Prefetch Context if Prefetch Enabled`,:ref:`qdma_c2h_descriptor_bypass_output_port_descriptions`
,:ref:`qdma_c2h-streaming_cache_bypass_input_port_descriptions`,:ref:`C2H Desc Bypass op Marker Resp`
,:ref:`Check C2H Cache Bypass Mode Flow`,
