QDMA Data Transfer - 3,,,
,H2C MM,C2H MM,H2C ST
Internal Mode,:ref:`Check H2C MM Internal Mode Flow`,:ref:`qdma_c2h-mm_descriptor_bypass_input_port_descriptions`,:ref:`Check H2C ST Internal Mode Flow`
Descriptor Bypass Mode,:ref:`qdma_h2c_descriptor_bypass_output_port_descriptions`,:ref:`qdma_c2h_descriptor_bypass_output_port_descriptions`,:ref:`Check H2C Bypass Mode Flow`
,:ref:`Check H2C MM Bypass Mode Flow`,,:ref:`H2C ST Desc Bypass Output Ports`
,:ref:`qdma_h2c-mm_descriptor_bypass_input_port_descriptions`,,:ref:`QDMA H2C-Streaming Bypass Input Port`
