Verify Driver Initialization Data/Driver Flow,,,
H2C MM,C2H MM,H2C ST,C2H ST
:ref:`Reiview H2C MM Driver Flow`,:ref:`Review C2H MM Driver Flow`,:ref:`Review H2C ST Driver Flow`,:ref:`Review C2H ST Driver Flow`
:ref:`H2C MM Review dmesg log`,:ref:`C2H MM Review dmesg log`,:ref:`H2C ST Review dmesg log`,:ref:`C2H ST Review dmesg log`
:ref:`H2C MM Review Context Programming`,:ref:`C2H MM Review Context Programming`,:ref:`H2C ST Review Context Programming`,:ref:`C2H ST Review Context Programming`
